username,password,description,merchant,amount,date,category
test1@gmail.com,test1,coffee,star,2.9,11/25/2018,food
test2@gmail.com,test2,coffee,star,2.9,11/26/2018,food
test3@gmail.com,test3,coffee,star,2.9,11/27/2018,food
test4@gmail.com,test4,coffee,star,2.9,11/28/2018,food
test5@gmail.com,test5,coffee,star,2.9,11/29/2018,food
test6@gmail.com,test6,coffee,star,2.9,11/30/2018,food
test7@gmail.com,test7,coffee,star,2.9,12/1/2018,food
test8@gmail.com,test8,coffee,star,2.9,12/2/2018,food
test9@gmail.com,test9,coffee,star,2.9,12/3/2018,food
test10@gmail.com,test10,coffee,star,2.9,12/4/2018,food
test11@gmail.com,test11,coffee,star,2.9,12/5/2018,food
test12@gmail.com,test12,coffee,star,2.9,12/6/2018,food
test13@gmail.com,test13,coffee,star,2.9,12/7/2018,food
test14@gmail.com,test14,coffee,star,2.9,12/8/2018,food
test15@gmail.com,test15,coffee,star,2.9,12/9/2018,food
test16@gmail.com,test16,coffee,star,2.9,12/10/2018,food
test17@gmail.com,test17,coffee,star,2.9,12/11/2018,food
test18@gmail.com,test18,coffee,star,2.9,12/12/2018,food
test19@gmail.com,test19,coffee,star,2.9,12/13/2018,food
test20@gmail.com,test20,coffee,star,2.9,12/14/2018,food
test21@gmail.com,test21,coffee,star,2.9,12/15/2018,food
test22@gmail.com,test22,coffee,star,2.9,12/16/2018,food
test23@gmail.com,test23,coffee,star,2.9,12/17/2018,food
test24@gmail.com,test24,coffee,star,2.9,12/18/2018,food
test25@gmail.com,test25,coffee,star,2.9,12/19/2018,food
test26@gmail.com,test26,coffee,star,2.9,12/20/2018,food
test27@gmail.com,test27,coffee,star,2.9,12/21/2018,food
test28@gmail.com,test28,coffee,star,2.9,12/22/2018,food
test29@gmail.com,test29,coffee,star,2.9,12/23/2018,food
test30@gmail.com,test30,coffee,star,2.9,12/24/2018,food
test31@gmail.com,test31,coffee,star,2.9,12/25/2018,food
test32@gmail.com,test32,coffee,star,2.9,12/26/2018,food
test33@gmail.com,test33,coffee,star,2.9,12/27/2018,food
test34@gmail.com,test34,coffee,star,2.9,12/28/2018,food
test35@gmail.com,test35,coffee,star,2.9,12/29/2018,food
test36@gmail.com,test36,coffee,star,2.9,12/30/2018,food
test37@gmail.com,test37,coffee,star,2.9,12/31/2018,food
test38@gmail.com,test38,coffee,star,2.9,1/1/2019,food
test39@gmail.com,test39,coffee,star,2.9,1/2/2019,food
test40@gmail.com,test40,coffee,star,2.9,1/3/2019,food
test41@gmail.com,test41,coffee,star,2.9,1/4/2019,food
test42@gmail.com,test42,coffee,star,2.9,1/5/2019,food
test43@gmail.com,test43,coffee,star,2.9,1/6/2019,food
test44@gmail.com,test44,coffee,star,2.9,1/7/2019,food
test45@gmail.com,test45,coffee,star,2.9,1/8/2019,food
test46@gmail.com,test46,coffee,star,2.9,1/9/2019,food
test47@gmail.com,test47,coffee,star,2.9,1/10/2019,food
test48@gmail.com,test48,coffee,star,2.9,1/11/2019,food
test49@gmail.com,test49,coffee,star,2.9,1/12/2019,food
test50@gmail.com,test50,coffee,star,2.9,1/13/2019,food
test51@gmail.com,test51,coffee,star,2.9,1/14/2019,food
test52@gmail.com,test52,coffee,star,2.9,1/15/2019,food
test53@gmail.com,test53,coffee,star,2.9,1/16/2019,food
test54@gmail.com,test54,coffee,star,2.9,1/17/2019,food
test55@gmail.com,test55,coffee,star,2.9,1/18/2019,food
test56@gmail.com,test56,coffee,star,2.9,1/19/2019,food
test57@gmail.com,test57,coffee,star,2.9,1/20/2019,food
test58@gmail.com,test58,coffee,star,2.9,1/21/2019,food
test59@gmail.com,test59,coffee,star,2.9,1/22/2019,food
test60@gmail.com,test60,coffee,star,2.9,1/23/2019,food
test61@gmail.com,test61,coffee,star,2.9,1/24/2019,food
test62@gmail.com,test62,coffee,star,2.9,1/25/2019,food
test63@gmail.com,test63,coffee,star,2.9,1/26/2019,food
test64@gmail.com,test64,coffee,star,2.9,1/27/2019,food
test65@gmail.com,test65,coffee,star,2.9,1/28/2019,food
test66@gmail.com,test66,coffee,star,2.9,1/29/2019,food
test67@gmail.com,test67,coffee,star,2.9,1/30/2019,food
test68@gmail.com,test68,coffee,star,2.9,1/31/2019,food
test69@gmail.com,test69,coffee,star,2.9,2/1/2019,food
test70@gmail.com,test70,coffee,star,2.9,2/2/2019,food
test71@gmail.com,test71,coffee,star,2.9,2/3/2019,food
test72@gmail.com,test72,coffee,star,2.9,2/4/2019,food
test73@gmail.com,test73,coffee,star,2.9,2/5/2019,food
test74@gmail.com,test74,coffee,star,2.9,2/6/2019,food
test75@gmail.com,test75,coffee,star,2.9,2/7/2019,food
test76@gmail.com,test76,coffee,star,2.9,2/8/2019,food
test77@gmail.com,test77,coffee,star,2.9,2/9/2019,food
test78@gmail.com,test78,coffee,star,2.9,2/10/2019,food
test79@gmail.com,test79,coffee,star,2.9,2/11/2019,food
test80@gmail.com,test80,coffee,star,2.9,2/12/2019,food
test81@gmail.com,test81,coffee,star,2.9,2/13/2019,food
test82@gmail.com,test82,coffee,star,2.9,2/14/2019,food
test83@gmail.com,test83,coffee,star,2.9,2/15/2019,food
test84@gmail.com,test84,coffee,star,2.9,2/16/2019,food
test85@gmail.com,test85,coffee,star,2.9,2/17/2019,food
test86@gmail.com,test86,coffee,star,2.9,2/18/2019,food
test87@gmail.com,test87,coffee,star,2.9,2/19/2019,food
test88@gmail.com,test88,coffee,star,2.9,2/20/2019,food
test89@gmail.com,test89,coffee,star,2.9,2/21/2019,food
test90@gmail.com,test90,coffee,star,2.9,2/22/2019,food
test91@gmail.com,test91,coffee,star,2.9,2/23/2019,food
test92@gmail.com,test92,coffee,star,2.9,2/24/2019,food
test93@gmail.com,test93,coffee,star,2.9,2/25/2019,food
test94@gmail.com,test94,coffee,star,2.9,2/26/2019,food
test95@gmail.com,test95,coffee,star,2.9,2/27/2019,food
test96@gmail.com,test96,coffee,star,2.9,2/28/2019,food
test97@gmail.com,test97,coffee,star,2.9,3/1/2019,food
test98@gmail.com,test98,coffee,star,2.9,3/2/2019,food
test99@gmail.com,test99,coffee,star,2.9,3/3/2019,food
test100@gmail.com,test100,coffee,star,2.9,3/4/2019,food
